{
	"name": "Lotus 58 Glow VIAL",
	"author": "Markus Knutsson",
	
	"lighting": "qmk_rgblight",
	
	"matrix": {
		"rows": 10,
		"cols": 6
	},
  
	"layouts": {
		"labels":
		[

			[
				"Left Encoder",
				"Top Placement",
				"Bottom Placement",
				"No Encoder"
			],
			[
				"Right Encoder",
				"Top Placement",
				"Bottom Placement",
				"No Encoder"
			]	
		],
		
    "keymap": 
	[
    [
    {
      "y": 0.25,
      "x": 3
    },
    "0,3",
    {
      "x": 9.25
    },
    "5,3"
  ],
  [
    {
      "y": -0.87,
      "x": 2
    },
    "0,2",
    {
      "x": 1
    },
    "0,4",
    {
      "x": 7.25
    },
    "5,4",
    {
      "x": 1
    },
    "5,2"
  ],
  [
    {
      "y": -0.88,
      "x": 5
    },
    "0,5"
  ],
  [
    {
      "y": -1,
      "x": 11.25
    },
    "5,5"
  ],
  [
    {
      "y": -0.87,
      "x": 1
    },
    "0,1",
    {
      "x": 13.25
    },
    "5,1"
  ],
  [
    {
      "y": -0.7499999999999999
    },
    "0,0",
    {
      "x": 15.25
    },
    "5,0"
  ],
  [
    {
      "y": -0.8799999999999999,
      "x": 6
    },
    "4,0\n\n\n0,0",
    {
      "x": -1,
      "d": true
    },
    "4,0\n\n\n0,1",
    {
      "x": 0.25
    },
    "0,1\n\n\n0,0\n\n\n\n\n\ne",
    {
      "x": -1,
      "d": true
    },
    "0,1\n\n\n0,2\n\n\n\n\n\ne",
    {
      "x": 0.75
    },
    "1,1\n\n\n1,0\n\n\n\n\n\ne",
    {
      "x": -1,
      "d": true
    },
    "1,1\n\n\n1,0\n\n\n\n\n\ne",
    {
      "x": 0.25,
      "d": true
    },
    "9,0\n\n\n1,1",
    {
      "x": -1
    },
    "9,0\n\n\n1,0"
  ],
  [
    {
      "y": -0.75,
      "x": 3
    },
    "1,3",
    {
      "x": 9.25
    },
    "6,3"
  ],
  [
    {
      "y": -0.8700000000000001,
      "x": 2
    },
    "1,2",
    {
      "x": 1
    },
    "1,4",
    {
      "x": 7.25
    },
    "6,4",
    {
      "x": 1
    },
    "6,2"
  ],
  [
    {
      "y": -0.8799999999999999,
      "x": 5
    },
    "1,5",
    {
      "x": 5.25
    },
    "6,5"
  ],
  [
    {
      "y": -0.8700000000000001,
      "x": 1
    },
    "1,1",
    {
      "x": 13.25
    },
    "6,1"
  ],
  [
    {
      "y": -0.75
    },
    "1,0",
    {
      "x": 15.25
    },
    "6,0"
  ],
  [
    {
      "y": -0.8799999999999999,
      "x": 7.25
    },
    "0,1\n\n\n0,1\n\n\n\n\n\ne",
    {
      "x": -1
    },
    "0,0\n\n\n0,0\n\n\n\n\n\ne",
    {
      "x": -1,
      "d": true
    },
    "0,1\n\n\n0,2\n\n\n\n\n\ne",
    {
      "x": 0.75
    },
    "1,0\n\n\n1,0\n\n\n\n\n\ne",
    {
      "x": -1
    },
    "1,1\n\n\n1,1\n\n\n\n\n\ne",
    {
      "x": -1,
      "d": true
    },
    "1,0\n\n\n1,2\n\n\n\n\n\ne"
  ],
  [
    {
      "y": -0.75,
      "x": 3
    },
    "2,3",
    {
      "x": 9.25
    },
    "7,3"
  ],
  [
    {
      "y": -0.8700000000000001,
      "x": 2
    },
    "2,2",
    {
      "x": 1,
      "n": true
    },
    "2,4",
    {
      "x": 7.25,
      "n": true
    },
    "7,4",
    {
      "x": 1
    },
    "7,2"
  ],
  [
    {
      "y": -0.8799999999999999,
      "x": 5
    },
    "2,5",
    {
      "x": 5.25
    },
    "7,5"
  ],
  [
    {
      "y": -0.8700000000000001,
      "x": 1
    },
    "2,1",
    {
      "x": 13.25
    },
    "7,1"
  ],
  [
    {
      "y": -0.8799999999999999,
      "x": 6
    },
    "4,5",
    {
      "x": 3.25
    },
    "9,5"
  ],
  [
    {
      "y": -0.8700000000000001
    },
    "2,0",
    {
      "x": 15.25
    },
    "7,0"
  ],
  [
    {
      "y": -0.8799999999999999,
      "x": 7.25
    },
    "0,0\n\n\n0,1\n\n\n\n\n\ne",
    {
      "x": 0.75
    },
    "1,0\n\n\n1,1\n\n\n\n\n\ne"
  ],
  [
    {
      "y": -0.75,
      "x": 3
    },
    "3,3",
    {
      "x": 9.25
    },
    "8,3"
  ],
  [
    {
      "y": -0.8700000000000001,
      "x": 2
    },
    "3,2",
    {
      "x": 1
    },
    "3,4",
    {
      "x": 7.25
    },
    "8,4",
    {
      "x": 1
    },
    "8,2"
  ],
  [
    {
      "y": -0.8799999999999999,
      "x": 5
    },
    "3,5",
    {
      "x": 5.25
    },
    "8,5"
  ],
  [
    {
      "y": -0.8700000000000001,
      "x": 1
    },
    "3,1",
    {
      "x": 13.25
    },
    "8,1"
  ],
  [
    {
      "y": -0.75
    },
    "3,0",
    {
      "x": 15.25
    },
    "8,0"
  ],
  [
    {
      "y": -0.5,
      "x": 2.75
    },
    "4,1",
    "4,2",
    {
      "x": 7.75
    },
    "9,2",
    "9,1"
  ],
  [
    {
      "y": -0.8799999999999999,
      "x": 4.75
    },
    "4,3",
    {
      "x": 5.75
    },
    "9,3"
  ],
  [
    {
      "r": 30,
      "y": -5.5,
      "x": 7.5,
      "h": 1.5
    },
    "4,4"
  ],
  [
    {
      "r": -30,
      "y": 7.630000000000001,
      "x": 6.44,
      "h": 1.5
    },
    "9,4"
  ]

]
  }
}